Título,Preço,Estoque
A Light in the Attic,R$ 336.50,In stock
Tipping the Velvet,R$ 349.31,In stock
Soumission,R$ 325.65,In stock
Sharp Objects,R$ 310.83,In stock
Sapiens: A Brief History of Humankind,R$ 352.50,In stock
The Requiem Red,R$ 147.22,In stock
The Dirty Little Secrets of Getting Your Dream Job,R$ 216.71,In stock
"The Coming Woman: A Novel Based on the Life of the Infamous Feminist, Victoria Woodhull",R$ 116.55,In stock
The Boys in the Boat: Nine Americans and Their Epic Quest for Gold at the 1936 Berlin Olympics,R$ 146.90,In stock
The Black Maria,R$ 338.97,In stock
"Starving Hearts (Triangular Trade Trilogy, #1)",R$ 90.94,In stock
Shakespeare's Sonnets,R$ 134.29,In stock
Set Me Free,R$ 113.49,In stock
Scott Pilgrim's Precious Little Life (Scott Pilgrim #1),R$ 339.88,In stock
Rip it Up and Start Again,R$ 227.63,In stock
"Our Band Could Be Your Life: Scenes from the American Indie Underground, 1981-1991",R$ 372.12,In stock
Olio,R$ 155.22,In stock
Mesaerion: The Best Science Fiction Stories 1800-1849,R$ 244.34,In stock
Libertarianism for Beginners,R$ 333.64,In stock
It's Only the Himalayas,R$ 293.61,In stock
